Zone,Année,Produit,Quantité
Afghanistan,2013,Autres non-céréales,682000
Afghanistan,2014,Autres non-céréales,335000
Afghanistan,2013,Blé et Farin,39224000
Afghanistan,2014,Blé et Farin,15160000
Afghanistan,2013,Céréales,40504000
Afghanistan,2014,Céréales,15989000
Afghanistan,2013,"Fruits secs, total",85000
Afghanistan,2013,Huiles végétales,11087000
Afghanistan,2014,Huiles végétales,8185000
Afghanistan,2013,"Légumineuses Sèches,Tot.",11761000
Afghanistan,2014,"Légumineuses Sèches,Tot.",4010000
Afghanistan,2013,Non-céréales,23615000
Afghanistan,2014,Non-céréales,12618000
Afghanistan,2013,"Riz, total",1280000
Afghanistan,2014,"Riz, total",829000
Afghanistan,2014,"Sucre, total",88000
Algérie,2013,Autres non-céréales,252000
Algérie,2014,Autres non-céréales,205000
Algérie,2015,Autres non-céréales,4000
Algérie,2013,Céréales,10030000
Algérie,2014,Céréales,4933000
Algérie,2015,Céréales,3512000
Algérie,2016,Céréales,3766000
Algérie,2013,Céréales Secondaires,2862000
Algérie,2014,Céréales Secondaires,2280000
Algérie,2015,Céréales Secondaires,1311000
Algérie,2016,Céréales Secondaires,1178000
Algérie,2013,"Fruits secs, total",204000
Algérie,2015,"Fruits secs, total",252000
Algérie,2016,"Fruits secs, total",252000
Algérie,2013,Huiles végétales,1030000
Algérie,2014,Huiles végétales,1050000
Algérie,2013,"Lait, total",350000
Algérie,2014,"Lait, total",582000
Algérie,2015,"Lait, total",500000
Algérie,2013,"Légumineuses Sèches,Tot.",4111000
Algérie,2014,"Légumineuses Sèches,Tot.",2240000
Algérie,2015,"Légumineuses Sèches,Tot.",3026000
Algérie,2016,"Légumineuses Sèches,Tot.",360000
Algérie,2013,Mélanges et préparations,3112000
Algérie,2014,Mélanges et préparations,1731000
Algérie,2015,Mélanges et préparations,559000
Algérie,2016,Mélanges et préparations,855000
Algérie,2013,Non-céréales,7587000
Algérie,2014,Non-céréales,4557000
Algérie,2015,Non-céréales,5200000
Algérie,2016,Non-céréales,972000
Algérie,2013,"Riz, total",4056000
Algérie,2014,"Riz, total",922000
Algérie,2015,"Riz, total",1642000
Algérie,2016,"Riz, total",1733000
Algérie,2013,"Sucre, total",1640000
Algérie,2014,"Sucre, total",480000
Algérie,2015,"Sucre, total",1418000
Algérie,2016,"Sucre, total",360000
Angola,2014,Autres non-céréales,7000
Angola,2013,Céréales,2500000
Angola,2013,Mélanges et préparations,2500000
Angola,2014,Non-céréales,7000
Bangladesh,2013,Blé et Farin,56709000
Bangladesh,2014,Blé et Farin,91350000
Bangladesh,2015,Blé et Farin,9740000
Bangladesh,2013,Céréales,59954000
Bangladesh,2014,Céréales,94706000
Bangladesh,2015,Céréales,10609000
Bangladesh,2013,"Fruits secs, total",515000
Bangladesh,2015,"Fruits secs, total",486000
Bangladesh,2013,Huiles végétales,2335000
Bangladesh,2014,Huiles végétales,1371000
Bangladesh,2015,Huiles végétales,111000
Bangladesh,2013,"Légumineuses Sèches,Tot.",2044000
Bangladesh,2014,"Légumineuses Sèches,Tot.",1194000
Bangladesh,2015,"Légumineuses Sèches,Tot.",65000
Bangladesh,2013,Mélanges et préparations,2004000
Bangladesh,2014,Mélanges et préparations,1528000
Bangladesh,2015,Mélanges et préparations,869000
Bangladesh,2013,Non-céréales,5555000
Bangladesh,2014,Non-céréales,2608000
Bangladesh,2015,Non-céréales,662000
Bangladesh,2013,Poiss&produi,580000
Bangladesh,2013,"Riz, total",1241000
Bangladesh,2014,"Riz, total",1828000
Bangladesh,2013,"Sucre, total",81000
Bangladesh,2014,"Sucre, total",43000
Bénin,2013,Autres non-céréales,45000
Bénin,2014,Autres non-céréales,50000
Bénin,2013,Céréales,8490000
Bénin,2015,Céréales,1439000
Bénin,2016,"Fruits secs, total",72000
Bénin,2015,Huiles végétales,260000
Bénin,2013,"Légumineuses Sèches,Tot.",276000
Bénin,2014,"Légumineuses Sèches,Tot.",286000
Bénin,2015,"Légumineuses Sèches,Tot.",194000
Bénin,2015,Mélanges et préparations,679000
Bénin,2013,Non-céréales,321000
Bénin,2014,Non-céréales,336000
Bénin,2015,Non-céréales,454000
Bénin,2016,Non-céréales,72000
Bénin,2013,"Riz, total",8490000
Bénin,2015,"Riz, total",760000
Bhoutan,2013,Céréales,537000
Bhoutan,2013,Huiles végétales,127000
Bhoutan,2014,Huiles végétales,73000
Bhoutan,2015,Huiles végétales,91000
Bhoutan,2016,Huiles végétales,109000
Bhoutan,2013,"Légumineuses Sèches,Tot.",198000
Bhoutan,2015,"Légumineuses Sèches,Tot.",198000
Bhoutan,2013,Non-céréales,325000
Bhoutan,2014,Non-céréales,73000
Bhoutan,2015,Non-céréales,289000
Bhoutan,2016,Non-céréales,109000
Bhoutan,2013,"Riz, total",537000
Bolivie (État plurinational de),2014,Autres non-céréales,3000
Bolivie (État plurinational de),2014,Non-céréales,3000
Burkina Faso,2013,Autres non-céréales,507000
Burkina Faso,2014,Autres non-céréales,283000
Burkina Faso,2015,Autres non-céréales,27000
Burkina Faso,2013,Blé et Farin,10000
Burkina Faso,2014,Blé et Farin,7000
Burkina Faso,2013,Céréales,6381000
Burkina Faso,2014,Céréales,9605000
Burkina Faso,2015,Céréales,9066000
Burkina Faso,2013,Céréales Secondaires,827000
Burkina Faso,2014,Céréales Secondaires,1032000
Burkina Faso,2015,Céréales Secondaires,158000
Burkina Faso,2015,"Fruits secs, total",126000
Burkina Faso,2016,"Fruits secs, total",36000
Burkina Faso,2013,Huiles végétales,758000
Burkina Faso,2014,Huiles végétales,692000
Burkina Faso,2015,Huiles végétales,590000
Burkina Faso,2013,"Légumineuses Sèches,Tot.",1664000
Burkina Faso,2014,"Légumineuses Sèches,Tot.",889000
Burkina Faso,2015,"Légumineuses Sèches,Tot.",1782000
Burkina Faso,2013,Mélanges et préparations,4876000
Burkina Faso,2014,Mélanges et préparations,1793000
Burkina Faso,2015,Mélanges et préparations,3538000
Burkina Faso,2013,Non-céréales,2929000
Burkina Faso,2014,Non-céréales,1864000
Burkina Faso,2015,Non-céréales,2525000
Burkina Faso,2016,Non-céréales,36000
Burkina Faso,2013,"Riz, total",668000
Burkina Faso,2014,"Riz, total",6773000
Burkina Faso,2015,"Riz, total",5370000
Burundi,2014,Autres non-céréales,185000
Burundi,2015,Autres non-céréales,110000
Burundi,2013,Blé et Farin,13667000
Burundi,2013,Céréales,24992000
Burundi,2014,Céréales,4271000
Burundi,2015,Céréales,5648000
Burundi,2013,Céréales Secondaires,3092000
Burundi,2014,Céréales Secondaires,3152000
Burundi,2015,Céréales Secondaires,745000
Burundi,2013,Huiles végétales,770000
Burundi,2014,Huiles végétales,350000
Burundi,2015,Huiles végétales,390000
Burundi,2013,"Légumineuses Sèches,Tot.",809000
Burundi,2014,"Légumineuses Sèches,Tot.",699000
Burundi,2015,"Légumineuses Sèches,Tot.",270000
Burundi,2013,Mélanges et préparations,3098000
Burundi,2014,Mélanges et préparations,1119000
Burundi,2015,Mélanges et préparations,4903000
Burundi,2013,Non-céréales,1694000
Burundi,2014,Non-céréales,1234000
Burundi,2015,Non-céréales,820000
Burundi,2013,"Riz, total",5135000
Burundi,2013,"Sucre, total",115000
Burundi,2015,"Sucre, total",50000
Cambodge,2013,Autres non-céréales,50000
Cambodge,2014,Autres non-céréales,75000
Cambodge,2015,Autres non-céréales,22000
Cambodge,2013,Céréales,4306000
Cambodge,2014,Céréales,4644000
Cambodge,2015,Céréales,279000
Cambodge,2013,Huiles végétales,336000
Cambodge,2014,Huiles végétales,449000
Cambodge,2015,Huiles végétales,204000
Cambodge,2013,"Légumineuses Sèches,Tot.",569000
Cambodge,2014,"Légumineuses Sèches,Tot.",382000
Cambodge,2015,"Légumineuses Sèches,Tot.",522000
Cambodge,2013,Mélanges et préparations,1695000
Cambodge,2014,Mélanges et préparations,710000
Cambodge,2013,Non-céréales,1181000
Cambodge,2014,Non-céréales,1392000
Cambodge,2015,Non-céréales,1088000
Cambodge,2013,Poiss&produi,226000
Cambodge,2014,Poiss&produi,486000
Cambodge,2015,Poiss&produi,340000
Cambodge,2013,"Riz, total",2611000
Cambodge,2014,"Riz, total",3934000
Cambodge,2015,"Riz, total",279000
Cameroun,2013,Autres non-céréales,472000
Cameroun,2014,Autres non-céréales,643000
Cameroun,2015,Autres non-céréales,811000
Cameroun,2013,Céréales,1700000
Cameroun,2014,Céréales,5302000
Cameroun,2015,Céréales,12475000
Cameroun,2013,Céréales Secondaires,968000
Cameroun,2014,Céréales Secondaires,2038000
Cameroun,2015,"Fruits secs, total",134000
Cameroun,2013,Huiles végétales,164000
Cameroun,2014,Huiles végétales,175000
Cameroun,2015,Huiles végétales,569000
Cameroun,2016,Huiles végétales,289000
Cameroun,2013,"Légumineuses Sèches,Tot.",117000
Cameroun,2014,"Légumineuses Sèches,Tot.",697000
Cameroun,2015,"Légumineuses Sèches,Tot.",1982000
Cameroun,2013,Mélanges et préparations,452000
Cameroun,2014,Mélanges et préparations,708000
Cameroun,2015,Mélanges et préparations,239000
Cameroun,2013,Non-céréales,753000
Cameroun,2014,Non-céréales,1540000
Cameroun,2015,Non-céréales,3680000
Cameroun,2016,Non-céréales,289000
Cameroun,2013,"Riz, total",280000
Cameroun,2014,"Riz, total",2556000
Cameroun,2015,"Riz, total",12236000
Cameroun,2014,"Sucre, total",25000
Cameroun,2015,"Sucre, total",184000
"Chine, continentale",2014,Céréales,649000
"Chine, continentale",2014,Huiles végétales,0
"Chine, continentale",2014,Non-céréales,0
"Chine, continentale",2014,"Riz, total",649000
Colombie,2013,Céréales,2190000
Colombie,2014,Céréales,3335000
Colombie,2015,Céréales,1672000
Colombie,2016,Céréales,1963000
Colombie,2013,Huiles végétales,1020000
Colombie,2014,Huiles végétales,858000
Colombie,2015,Huiles végétales,800000
Colombie,2013,"Légumineuses Sèches,Tot.",2373000
Colombie,2015,"Légumineuses Sèches,Tot.",849000
Colombie,2016,"Légumineuses Sèches,Tot.",770000
Colombie,2013,Non-céréales,3531000
Colombie,2014,Non-céréales,1263000
Colombie,2015,Non-céréales,1649000
Colombie,2016,Non-céréales,770000
Colombie,2013,"Riz, total",2190000
Colombie,2014,"Riz, total",3335000
Colombie,2015,"Riz, total",1672000
Colombie,2016,"Riz, total",1963000
Colombie,2013,"Sucre, total",138000
Colombie,2014,"Sucre, total",405000
Comores,2013,Céréales,3903000
Comores,2013,"Riz, total",3903000
Congo,2013,Autres non-céréales,136000
Congo,2014,Autres non-céréales,140000
Congo,2015,Autres non-céréales,26000
Congo,2013,Céréales,2755000
Congo,2014,Céréales,2260000
Congo,2015,Céréales,2567000
Congo,2013,Céréales Secondaires,1311000
Congo,2014,Céréales Secondaires,172000
Congo,2013,Huiles végétales,18000
Congo,2014,Huiles végétales,508000
Congo,2015,Huiles végétales,91000
Congo,2013,"Légumineuses Sèches,Tot.",767000
Congo,2014,"Légumineuses Sèches,Tot.",1366000
Congo,2015,"Légumineuses Sèches,Tot.",170000
Congo,2014,Mélanges et préparations,198000
Congo,2013,Non-céréales,1262000
Congo,2014,Non-céréales,2198000
Congo,2015,Non-céréales,433000
Congo,2013,Poiss&produi,341000
Congo,2014,Poiss&produi,184000
Congo,2015,Poiss&produi,146000
Congo,2013,"Riz, total",1444000
Congo,2014,"Riz, total",1890000
Congo,2015,"Riz, total",2567000
Côte d'Ivoire,2013,Autres non-céréales,67000
Côte d'Ivoire,2014,Autres non-céréales,104000
Côte d'Ivoire,2015,Autres non-céréales,108000
Côte d'Ivoire,2013,Céréales,7416000
Côte d'Ivoire,2014,Céréales,4521000
Côte d'Ivoire,2015,Céréales,5297000
Côte d'Ivoire,2016,Céréales,4323000
Côte d'Ivoire,2015,"Fruits secs, total",900000
Côte d'Ivoire,2013,Huiles végétales,2084000
Côte d'Ivoire,2015,Huiles végétales,19000
Côte d'Ivoire,2016,Huiles végétales,70000
Côte d'Ivoire,2013,"Légumineuses Sèches,Tot.",1724000
Côte d'Ivoire,2014,"Légumineuses Sèches,Tot.",336000
Côte d'Ivoire,2013,Mélanges et préparations,525000
Côte d'Ivoire,2014,Mélanges et préparations,647000
Côte d'Ivoire,2015,Mélanges et préparations,197000
Côte d'Ivoire,2013,Non-céréales,3875000
Côte d'Ivoire,2014,Non-céréales,440000
Côte d'Ivoire,2015,Non-céréales,1027000
Côte d'Ivoire,2016,Non-céréales,70000
Côte d'Ivoire,2013,"Riz, total",6891000
Côte d'Ivoire,2014,"Riz, total",3874000
Côte d'Ivoire,2015,"Riz, total",5100000
Côte d'Ivoire,2016,"Riz, total",4323000
Cuba,2014,Autres non-céréales,7000
Cuba,2015,Autres non-céréales,8000
Cuba,2013,Céréales,450000
Cuba,2015,Céréales,2698000
Cuba,2013,Huiles végétales,112000
Cuba,2015,"Lait, total",150000
Cuba,2013,"Légumineuses Sèches,Tot.",235000
Cuba,2015,"Légumineuses Sèches,Tot.",1277000
Cuba,2015,Mélanges et préparations,305000
Cuba,2013,Non-céréales,347000
Cuba,2014,Non-céréales,7000
Cuba,2015,Non-céréales,1435000
Cuba,2013,"Riz, total",450000
Cuba,2015,"Riz, total",2393000
Djibouti,2013,Autres non-céréales,41000
Djibouti,2014,Autres non-céréales,50000
Djibouti,2013,Blé et Farin,5930000
Djibouti,2014,Blé et Farin,4217000
Djibouti,2015,Blé et Farin,384000
Djibouti,2013,Céréales,9076000
Djibouti,2014,Céréales,7542000
Djibouti,2015,Céréales,1558000
Djibouti,2013,Céréales Secondaires,1300000
Djibouti,2014,Céréales Secondaires,2030000
Djibouti,2015,Céréales Secondaires,800000
Djibouti,2013,"Fruits secs, total",68000
Djibouti,2015,"Fruits secs, total",126000
Djibouti,2014,Huiles végétales,386000
Djibouti,2013,"Légumineuses Sèches,Tot.",838000
Djibouti,2014,"Légumineuses Sèches,Tot.",518000
Djibouti,2015,"Légumineuses Sèches,Tot.",190000
Djibouti,2013,Mélanges et préparations,1021000
Djibouti,2014,Mélanges et préparations,970000
Djibouti,2015,Mélanges et préparations,274000
Djibouti,2013,Non-céréales,1108000
Djibouti,2014,Non-céréales,1002000
Djibouti,2015,Non-céréales,362000
Djibouti,2013,"Riz, total",825000
Djibouti,2014,"Riz, total",325000
Djibouti,2015,"Riz, total",100000
Djibouti,2013,"Sucre, total",161000
Djibouti,2014,"Sucre, total",48000
Djibouti,2015,"Sucre, total",46000
Égypte,2013,"Fruits secs, total",561000
Égypte,2013,Non-céréales,561000
El Salvador,2013,Céréales,1005000
El Salvador,2014,Céréales,38000
El Salvador,2015,Céréales,497000
El Salvador,2016,Céréales,596000
El Salvador,2014,Huiles végétales,172000
El Salvador,2015,Huiles végétales,198000
El Salvador,2014,Mélanges et préparations,38000
El Salvador,2015,Mélanges et préparations,497000
El Salvador,2014,Non-céréales,172000
El Salvador,2015,Non-céréales,198000
El Salvador,2013,"Riz, total",1005000
El Salvador,2016,"Riz, total",596000
Équateur,2013,Céréales,345000
Équateur,2013,Huiles végétales,103000
Équateur,2013,"Légumineuses Sèches,Tot.",233000
Équateur,2013,Non-céréales,336000
Équateur,2013,"Riz, total",345000
Éthiopie,2013,Autres non-céréales,170000
Éthiopie,2014,Autres non-céréales,466000
Éthiopie,2015,Autres non-céréales,244000
Éthiopie,2013,Blé et Farin,181066000
Éthiopie,2014,Blé et Farin,178646000
Éthiopie,2015,Blé et Farin,74090000
Éthiopie,2013,BulgurFarEnt,2939000
Éthiopie,2014,BulgurFarEnt,2490000
Éthiopie,2013,Céréales,256196000
Éthiopie,2014,Céréales,265013000
Éthiopie,2015,Céréales,86482000
Éthiopie,2013,Céréales Secondaires,45040000
Éthiopie,2014,Céréales Secondaires,70890000
Éthiopie,2015,Céréales Secondaires,7880000
Éthiopie,2013,"Fruits secs, total",459000
Éthiopie,2015,"Fruits secs, total",162000
Éthiopie,2013,Huiles végétales,9604000
Éthiopie,2014,Huiles végétales,7088000
Éthiopie,2015,Huiles végétales,1826000
Éthiopie,2013,"Légumineuses Sèches,Tot.",27916000
Éthiopie,2014,"Légumineuses Sèches,Tot.",20232000
Éthiopie,2015,"Légumineuses Sèches,Tot.",10519000
Éthiopie,2013,Mélanges et préparations,21470000
Éthiopie,2014,Mélanges et préparations,12752000
Éthiopie,2015,Mélanges et préparations,4512000
Éthiopie,2013,Non-céréales,39506000
Éthiopie,2014,Non-céréales,28299000
Éthiopie,2015,Non-céréales,15151000
Éthiopie,2013,"Riz, total",5681000
Éthiopie,2014,"Riz, total",235000
Éthiopie,2013,"Sucre, total",1357000
Éthiopie,2014,"Sucre, total",513000
Éthiopie,2015,"Sucre, total",2400000
Gambie,2013,Céréales,3941000
Gambie,2014,Céréales,665000
Gambie,2015,Céréales,120000
Gambie,2013,Huiles végétales,347000
Gambie,2014,Huiles végétales,36000
Gambie,2015,Huiles végétales,97000
Gambie,2013,"Légumineuses Sèches,Tot.",766000
Gambie,2014,"Légumineuses Sèches,Tot.",115000
Gambie,2015,"Légumineuses Sèches,Tot.",308000
Gambie,2016,"Légumineuses Sèches,Tot.",168000
Gambie,2013,Mélanges et préparations,1941000
Gambie,2014,Mélanges et préparations,240000
Gambie,2015,Mélanges et préparations,120000
Gambie,2013,Non-céréales,1113000
Gambie,2014,Non-céréales,151000
Gambie,2015,Non-céréales,405000
Gambie,2016,Non-céréales,168000
Gambie,2013,"Riz, total",2000000
Gambie,2014,"Riz, total",425000
Géorgie,2013,Autres non-céréales,3000
Géorgie,2014,Autres non-céréales,4000
Géorgie,2013,Blé et Farin,2000
Géorgie,2013,Céréales,4000
Géorgie,2014,Céréales,2000
Géorgie,2013,Huiles végétales,6000
Géorgie,2014,Huiles végétales,7000
Géorgie,2014,"Légumineuses Sèches,Tot.",2000
Géorgie,2013,Non-céréales,13000
Géorgie,2014,Non-céréales,16000
Géorgie,2013,"Riz, total",2000
Géorgie,2014,"Riz, total",2000
Géorgie,2013,"Sucre, total",3000
Géorgie,2014,"Sucre, total",3000
Géorgie,2013,Viande Total,1000
Ghana,2014,Autres non-céréales,2000
Ghana,2013,Céréales,1727000
Ghana,2014,Céréales,3621000
Ghana,2015,Céréales,1252000
Ghana,2013,Huiles végétales,429000
Ghana,2014,Huiles végétales,435000
Ghana,2013,"Légumineuses Sèches,Tot.",322000
Ghana,2013,Mélanges et préparations,602000
Ghana,2014,Mélanges et préparations,3071000
Ghana,2015,Mélanges et préparations,1002000
Ghana,2013,Non-céréales,751000
Ghana,2014,Non-céréales,462000
Ghana,2015,Non-céréales,25000
Ghana,2013,"Riz, total",1125000
Ghana,2014,"Riz, total",550000
Ghana,2015,"Riz, total",250000
Ghana,2014,"Sucre, total",25000
Ghana,2015,"Sucre, total",25000
Guatemala,2014,Blé et Farin,210000
Guatemala,2015,Blé et Farin,270000
Guatemala,2013,Céréales,10736000
Guatemala,2014,Céréales,5248000
Guatemala,2015,Céréales,4792000
Guatemala,2016,Céréales,355000
Guatemala,2014,Céréales Secondaires,699000
Guatemala,2015,Céréales Secondaires,350000
Guatemala,2013,Huiles végétales,1189000
Guatemala,2014,Huiles végétales,1286000
Guatemala,2015,Huiles végétales,1010000
Guatemala,2013,"Légumineuses Sèches,Tot.",14388000
Guatemala,2014,"Légumineuses Sèches,Tot.",5390000
Guatemala,2015,"Légumineuses Sèches,Tot.",4721000
Guatemala,2016,"Légumineuses Sèches,Tot.",348000
Guatemala,2013,Mélanges et préparations,2369000
Guatemala,2014,Mélanges et préparations,1720000
Guatemala,2015,Mélanges et préparations,1303000
Guatemala,2016,Mélanges et préparations,355000
Guatemala,2013,Non-céréales,15577000
Guatemala,2014,Non-céréales,6676000
Guatemala,2015,Non-céréales,5731000
Guatemala,2016,Non-céréales,348000
Guatemala,2013,"Riz, total",8367000
Guatemala,2014,"Riz, total",2619000
Guatemala,2015,"Riz, total",2869000
Guinée,2013,Autres non-céréales,57000
Guinée,2014,Autres non-céréales,69000
Guinée,2015,Autres non-céréales,297000
Guinée,2014,BulgurFarEnt,78000
Guinée,2013,Céréales,2281000
Guinée,2014,Céréales,6150000
Guinée,2015,Céréales,4786000
Guinée,2015,"Fruits secs, total",54000
Guinée,2013,Huiles végétales,515000
Guinée,2014,Huiles végétales,779000
Guinée,2015,Huiles végétales,3049000
Guinée,2013,"Légumineuses Sèches,Tot.",511000
Guinée,2014,"Légumineuses Sèches,Tot.",1849000
Guinée,2015,"Légumineuses Sèches,Tot.",2456000
Guinée,2013,Mélanges et préparations,306000
Guinée,2014,Mélanges et préparations,1587000
Guinée,2015,Mélanges et préparations,956000
Guinée,2013,Non-céréales,1083000
Guinée,2014,Non-céréales,2697000
Guinée,2015,Non-céréales,5879000
Guinée,2013,"Riz, total",1975000
Guinée,2014,"Riz, total",4485000
Guinée,2015,"Riz, total",3830000
Guinée,2015,"Sucre, total",23000
Guinée-Bissau,2013,Autres non-céréales,731000
Guinée-Bissau,2014,Autres non-céréales,118000
Guinée-Bissau,2013,Céréales,4337000
Guinée-Bissau,2014,Céréales,2496000
Guinée-Bissau,2015,Céréales,692000
Guinée-Bissau,2013,Huiles végétales,1027000
Guinée-Bissau,2014,Huiles végétales,146000
Guinée-Bissau,2015,Huiles végétales,415000
Guinée-Bissau,2013,"Légumineuses Sèches,Tot.",1559000
Guinée-Bissau,2014,"Légumineuses Sèches,Tot.",459000
Guinée-Bissau,2015,"Légumineuses Sèches,Tot.",275000
Guinée-Bissau,2013,Mélanges et préparations,812000
Guinée-Bissau,2014,Mélanges et préparations,1946000
Guinée-Bissau,2015,Mélanges et préparations,517000
Guinée-Bissau,2013,Non-céréales,3409000
Guinée-Bissau,2014,Non-céréales,1213000
Guinée-Bissau,2015,Non-céréales,690000
Guinée-Bissau,2014,Poiss&produi,490000
Guinée-Bissau,2013,"Riz, total",3525000
Guinée-Bissau,2014,"Riz, total",550000
Guinée-Bissau,2015,"Riz, total",175000
Guinée-Bissau,2013,"Sucre, total",92000
Haïti,2013,Autres non-céréales,396000
Haïti,2014,Autres non-céréales,254000
Haïti,2015,Autres non-céréales,175000
Haïti,2016,Autres non-céréales,105000
Haïti,2013,BulgurFarEnt,3908000
Haïti,2014,BulgurFarEnt,780000
Haïti,2015,BulgurFarEnt,771000
Haïti,2016,BulgurFarEnt,3544000
Haïti,2013,Céréales,23158000
Haïti,2014,Céréales,12440000
Haïti,2015,Céréales,3421000
Haïti,2016,Céréales,4005000
Haïti,2013,Huiles végétales,2218000
Haïti,2014,Huiles végétales,1315000
Haïti,2015,Huiles végétales,231000
Haïti,2016,Huiles végétales,516000
Haïti,2013,"Lait, total",17000
Haïti,2013,"Légumineuses Sèches,Tot.",4613000
Haïti,2014,"Légumineuses Sèches,Tot.",2545000
Haïti,2015,"Légumineuses Sèches,Tot.",1006000
Haïti,2016,"Légumineuses Sèches,Tot.",1605000
Haïti,2013,Mélanges et préparations,8080000
Haïti,2014,Mélanges et préparations,1010000
Haïti,2016,Mélanges et préparations,461000
Haïti,2013,Non-céréales,7449000
Haïti,2014,Non-céréales,4114000
Haïti,2015,Non-céréales,1412000
Haïti,2016,Non-céréales,2226000
Haïti,2013,"Riz, total",11170000
Haïti,2014,"Riz, total",10650000
Haïti,2015,"Riz, total",2650000
Haïti,2013,"Sucre, total",205000
Honduras,2013,Céréales,10770000
Honduras,2014,Céréales,3238000
Honduras,2015,Céréales,4072000
Honduras,2016,Céréales,753000
Honduras,2016,"Fruits secs, total",331000
Honduras,2013,Huiles végétales,2798000
Honduras,2014,Huiles végétales,1540000
Honduras,2015,Huiles végétales,1880000
Honduras,2016,Huiles végétales,558000
Honduras,2014,"Légumineuses Sèches,Tot.",521000
Honduras,2015,"Légumineuses Sèches,Tot.",301000
Honduras,2016,"Légumineuses Sèches,Tot.",604000
Honduras,2013,Mélanges et préparations,2895000
Honduras,2014,Mélanges et préparations,2269000
Honduras,2015,Mélanges et préparations,2772000
Honduras,2016,Mélanges et préparations,443000
Honduras,2013,Non-céréales,2798000
Honduras,2014,Non-céréales,2061000
Honduras,2015,Non-céréales,2181000
Honduras,2016,Non-céréales,1493000
Honduras,2013,"Riz, total",7875000
Honduras,2014,"Riz, total",969000
Honduras,2015,"Riz, total",1300000
Honduras,2016,"Riz, total",310000
Iran (République islamique d'),2013,Céréales,500000
Iran (République islamique d'),2014,Céréales,325000
Iran (République islamique d'),2015,Céréales,200000
Iran (République islamique d'),2013,Huiles végétales,196000
Iran (République islamique d'),2014,Huiles végétales,312000
Iran (République islamique d'),2013,"Légumineuses Sèches,Tot.",327000
Iran (République islamique d'),2014,"Légumineuses Sèches,Tot.",75000
Iran (République islamique d'),2016,"Légumineuses Sèches,Tot.",241000
Iran (République islamique d'),2013,Non-céréales,569000
Iran (République islamique d'),2014,Non-céréales,412000
Iran (République islamique d'),2015,Non-céréales,46000
Iran (République islamique d'),2016,Non-céréales,291000
Iran (République islamique d'),2013,"Riz, total",500000
Iran (République islamique d'),2014,"Riz, total",325000
Iran (République islamique d'),2015,"Riz, total",200000
Iran (République islamique d'),2013,"Sucre, total",46000
Iran (République islamique d'),2014,"Sucre, total",25000
Iran (République islamique d'),2015,"Sucre, total",46000
Iran (République islamique d'),2016,"Sucre, total",50000
Iraq,2013,Autres non-céréales,169000
Iraq,2015,Autres non-céréales,1001000
Iraq,2013,Céréales,139000
Iraq,2014,Céréales,465000
Iraq,2013,Huiles végétales,8000
Iraq,2013,"Légumineuses Sèches,Tot.",13000
Iraq,2013,Non-céréales,194000
Iraq,2015,Non-céréales,1001000
Iraq,2013,"Riz, total",139000
Iraq,2014,"Riz, total",465000
Iraq,2013,"Sucre, total",4000
Jordanie,2013,Autres non-céréales,5000
Jordanie,2015,Autres non-céréales,1000
Jordanie,2013,Blé et Farin,35000
Jordanie,2015,Blé et Farin,1370000
Jordanie,2013,BulgurFarEnt,594000
Jordanie,2014,BulgurFarEnt,141000
Jordanie,2013,Céréales,2209000
Jordanie,2014,Céréales,3541000
Jordanie,2015,Céréales,1370000
Jordanie,2013,Huiles végétales,1039000
Jordanie,2014,Huiles végétales,454000
Jordanie,2013,"Lait, total",91000
Jordanie,2013,"Légumineuses Sèches,Tot.",876000
Jordanie,2014,"Légumineuses Sèches,Tot.",386000
Jordanie,2013,Mélanges et préparations,321000
Jordanie,2013,Non-céréales,2527000
Jordanie,2014,Non-céréales,840000
Jordanie,2015,Non-céréales,1651000
Jordanie,2013,Poiss&produi,3000
Jordanie,2013,"Riz, total",1259000
Jordanie,2014,"Riz, total",3400000
Jordanie,2013,"Sucre, total",513000
Jordanie,2015,"Sucre, total",1650000
Kenya,2014,Autres non-céréales,22000
Kenya,2015,Autres non-céréales,140000
Kenya,2013,Blé et Farin,34520000
Kenya,2014,Blé et Farin,37940000
Kenya,2015,Blé et Farin,25809000
Kenya,2014,BulgurFarEnt,11507000
Kenya,2013,Céréales,92906000
Kenya,2014,Céréales,92993000
Kenya,2015,Céréales,45899000
Kenya,2013,Céréales Secondaires,52400000
Kenya,2014,Céréales Secondaires,43546000
Kenya,2015,Céréales Secondaires,20090000
Kenya,2013,"Fruits secs, total",306000
Kenya,2015,"Fruits secs, total",324000
Kenya,2013,Huiles végétales,1900000
Kenya,2014,Huiles végétales,4768000
Kenya,2015,Huiles végétales,50000
Kenya,2014,"Lait, total",125000
Kenya,2013,"Légumineuses Sèches,Tot.",15325000
Kenya,2014,"Légumineuses Sèches,Tot.",10801000
Kenya,2015,"Légumineuses Sèches,Tot.",10813000
Kenya,2013,Mélanges et préparations,1348000
Kenya,2013,Non-céréales,17577000
Kenya,2014,Non-céréales,15716000
Kenya,2015,Non-céréales,11327000
Kenya,2013,"Riz, total",4638000
Kenya,2013,"Sucre, total",46000
Kirghizistan,2013,Blé et Farin,360000
Kirghizistan,2014,Blé et Farin,380000
Kirghizistan,2015,Blé et Farin,180000
Kirghizistan,2013,Céréales,540000
Kirghizistan,2014,Céréales,570000
Kirghizistan,2015,Céréales,270000
Kirghizistan,2013,Huiles végétales,399000
Kirghizistan,2014,Huiles végétales,50000
Kirghizistan,2015,Huiles végétales,40000
Kirghizistan,2013,"Légumineuses Sèches,Tot.",80000
Kirghizistan,2014,"Légumineuses Sèches,Tot.",80000
Kirghizistan,2015,"Légumineuses Sèches,Tot.",40000
Kirghizistan,2013,Non-céréales,479000
Kirghizistan,2014,Non-céréales,130000
Kirghizistan,2015,Non-céréales,80000
Kirghizistan,2013,"Riz, total",180000
Kirghizistan,2014,"Riz, total",190000
Kirghizistan,2015,"Riz, total",90000
Lesotho,2014,Blé et Farin,470000
Lesotho,2013,Céréales,1175000
Lesotho,2014,Céréales,1539000
Lesotho,2013,Huiles végétales,91000
Lesotho,2014,Huiles végétales,208000
Lesotho,2015,Huiles végétales,111000
Lesotho,2013,"Légumineuses Sèches,Tot.",81000
Lesotho,2014,"Légumineuses Sèches,Tot.",373000
Lesotho,2015,"Légumineuses Sèches,Tot.",720000
Lesotho,2013,Mélanges et préparations,1175000
Lesotho,2014,Mélanges et préparations,1069000
Lesotho,2013,Non-céréales,308000
Lesotho,2014,Non-céréales,765000
Lesotho,2015,Non-céréales,1525000
Lesotho,2013,Poiss&produi,136000
Lesotho,2015,Poiss&produi,569000
Lesotho,2014,"Sucre, total",184000
Lesotho,2015,"Sucre, total",125000
Liban,2013,Autres non-céréales,2000
Liban,2013,Céréales,776000
Liban,2014,"Fruits secs, total",390000
Liban,2016,"Fruits secs, total",800000
Liban,2013,Huiles végétales,848000
Liban,2014,Huiles végétales,320000
Liban,2013,"Légumineuses Sèches,Tot.",698000
Liban,2014,"Légumineuses Sèches,Tot.",350000
Liban,2013,Non-céréales,1551000
Liban,2014,Non-céréales,1060000
Liban,2016,Non-céréales,800000
Liban,2013,"Riz, total",776000
Liban,2013,"Sucre, total",3000
Libéria,2013,Autres non-céréales,2000
Libéria,2014,Autres non-céréales,1000
Libéria,2013,BulgurFarEnt,80000
Libéria,2014,BulgurFarEnt,420000
Libéria,2013,Céréales,8520000
Libéria,2014,Céréales,879000
Libéria,2014,Huiles végétales,201000
Libéria,2013,"Légumineuses Sèches,Tot.",70000
Libéria,2014,"Légumineuses Sèches,Tot.",250000
Libéria,2013,Mélanges et préparations,380000
Libéria,2014,Mélanges et préparations,459000
Libéria,2013,Non-céréales,72000
Libéria,2014,Non-céréales,452000
Libéria,2013,"Riz, total",8060000
Libye,2014,Autres non-céréales,298000
Libye,2015,Autres non-céréales,2139000
Libye,2016,Autres non-céréales,2207000
Libye,2014,Non-céréales,298000
Libye,2015,Non-céréales,2139000
Libye,2016,Non-céréales,2207000
Madagascar,2013,Autres non-céréales,5000
Madagascar,2014,Autres non-céréales,80000
Madagascar,2015,Autres non-céréales,9000
Madagascar,2013,Céréales,18721000
Madagascar,2014,Céréales,9499000
Madagascar,2015,Céréales,11218000
Madagascar,2013,Céréales Secondaires,9758000
Madagascar,2014,Céréales Secondaires,6627000
Madagascar,2015,Céréales Secondaires,7190000
Madagascar,2013,Huiles végétales,3422000
Madagascar,2014,Huiles végétales,500000
Madagascar,2015,Huiles végétales,512000
Madagascar,2013,"Légumineuses Sèches,Tot.",2043000
Madagascar,2014,"Légumineuses Sèches,Tot.",888000
Madagascar,2015,"Légumineuses Sèches,Tot.",1442000
Madagascar,2013,Mélanges et préparations,1918000
Madagascar,2014,Mélanges et préparations,1035000
Madagascar,2015,Mélanges et préparations,1774000
Madagascar,2013,Non-céréales,5470000
Madagascar,2014,Non-céréales,1468000
Madagascar,2015,Non-céréales,1963000
Madagascar,2013,"Riz, total",7045000
Madagascar,2014,"Riz, total",1837000
Madagascar,2015,"Riz, total",2254000
Malawi,2013,Autres non-céréales,63000
Malawi,2014,Autres non-céréales,154000
Malawi,2015,Autres non-céréales,74000
Malawi,2013,Blé et Farin,15000000
Malawi,2013,Céréales,18103000
Malawi,2014,Céréales,11327000
Malawi,2015,Céréales,3053000
Malawi,2013,Huiles végétales,6078000
Malawi,2014,Huiles végétales,49000
Malawi,2015,Huiles végétales,1027000
Malawi,2013,"Légumineuses Sèches,Tot.",2479000
Malawi,2014,"Légumineuses Sèches,Tot.",695000
Malawi,2015,"Légumineuses Sèches,Tot.",1549000
Malawi,2016,"Légumineuses Sèches,Tot.",860000
Malawi,2013,Mélanges et préparations,3103000
Malawi,2014,Mélanges et préparations,11327000
Malawi,2015,Mélanges et préparations,3053000
Malawi,2013,Non-céréales,8620000
Malawi,2014,Non-céréales,898000
Malawi,2015,Non-céréales,2650000
Malawi,2016,Non-céréales,860000
Mali,2013,Autres non-céréales,853000
Mali,2014,Autres non-céréales,706000
Mali,2015,Autres non-céréales,66000
Mali,2013,Blé et Farin,1674000
Mali,2014,Blé et Farin,10000000
Mali,2013,BulgurFarEnt,2868000
Mali,2013,Céréales,24688000
Mali,2014,Céréales,19146000
Mali,2015,Céréales,1665000
Mali,2013,Huiles végétales,6955000
Mali,2014,Huiles végétales,2107000
Mali,2015,Huiles végétales,2420000
Mali,2013,"Légumineuses Sèches,Tot.",7747000
Mali,2014,"Légumineuses Sèches,Tot.",6163000
Mali,2015,"Légumineuses Sèches,Tot.",2277000
Mali,2013,Mélanges et préparations,3802000
Mali,2014,Mélanges et préparations,8317000
Mali,2015,Mélanges et préparations,1665000
Mali,2013,Non-céréales,15555000
Mali,2014,Non-céréales,8976000
Mali,2015,Non-céréales,4763000
Mali,2013,"Riz, total",16344000
Mali,2014,"Riz, total",829000
Mauritanie,2013,Autres non-céréales,89000
Mauritanie,2014,Autres non-céréales,169000
Mauritanie,2015,Autres non-céréales,67000
Mauritanie,2015,Blé et Farin,2040000
Mauritanie,2013,Céréales,8456000
Mauritanie,2014,Céréales,3166000
Mauritanie,2015,Céréales,6028000
Mauritanie,2016,Céréales,1493000
Mauritanie,2013,"Fruits secs, total",153000
Mauritanie,2015,"Fruits secs, total",504000
Mauritanie,2016,"Fruits secs, total",72000
Mauritanie,2013,Huiles végétales,957000
Mauritanie,2014,Huiles végétales,2437000
Mauritanie,2015,Huiles végétales,268000
Mauritanie,2013,"Légumineuses Sèches,Tot.",3133000
Mauritanie,2014,"Légumineuses Sèches,Tot.",1116000
Mauritanie,2015,"Légumineuses Sèches,Tot.",483000
Mauritanie,2013,Mélanges et préparations,1560000
Mauritanie,2014,Mélanges et préparations,358000
Mauritanie,2015,Mélanges et préparations,2393000
Mauritanie,2013,Non-céréales,4332000
Mauritanie,2014,Non-céréales,3722000
Mauritanie,2015,Non-céréales,1322000
Mauritanie,2016,Non-céréales,72000
Mauritanie,2013,"Riz, total",6896000
Mauritanie,2014,"Riz, total",2808000
Mauritanie,2015,"Riz, total",1595000
Mauritanie,2016,"Riz, total",1493000
Mozambique,2013,Céréales,7908000
Mozambique,2014,Céréales,2209000
Mozambique,2015,Céréales,1619000
Mozambique,2013,Céréales Secondaires,504000
Mozambique,2013,Huiles végétales,11070000
Mozambique,2014,Huiles végétales,6500000
Mozambique,2013,Mélanges et préparations,7404000
Mozambique,2014,Mélanges et préparations,2209000
Mozambique,2015,Mélanges et préparations,1619000
Mozambique,2013,Non-céréales,11070000
Mozambique,2014,Non-céréales,6500000
Myanmar,2014,Autres non-céréales,5000
Myanmar,2013,Céréales,714000
Myanmar,2014,Céréales,691000
Myanmar,2015,Céréales,1221000
Myanmar,2013,Huiles végétales,2410000
Myanmar,2014,Huiles végétales,1873000
Myanmar,2015,Huiles végétales,2356000
Myanmar,2013,Mélanges et préparations,714000
Myanmar,2014,Mélanges et préparations,610000
Myanmar,2015,Mélanges et préparations,1221000
Myanmar,2013,Non-céréales,2410000
Myanmar,2014,Non-céréales,1883000
Myanmar,2015,Non-céréales,2356000
Myanmar,2014,"Riz, total",81000
Myanmar,2014,"Sucre, total",5000
Népal,2015,Autres non-céréales,23000
Népal,2013,Céréales,5283000
Népal,2014,Céréales,150000
Népal,2015,Céréales,5498000
Népal,2016,Céréales,1362000
Népal,2013,Huiles végétales,377000
Népal,2014,Huiles végétales,275000
Népal,2015,Huiles végétales,452000
Népal,2016,Huiles végétales,380000
Népal,2013,"Légumineuses Sèches,Tot.",474000
Népal,2014,"Légumineuses Sèches,Tot.",220000
Népal,2015,"Légumineuses Sèches,Tot.",520000
Népal,2013,Mélanges et préparations,2647000
Népal,2015,Mélanges et préparations,4028000
Népal,2016,Mélanges et préparations,1232000
Népal,2013,Non-céréales,915000
Népal,2014,Non-céréales,495000
Népal,2015,Non-céréales,995000
Népal,2016,Non-céréales,380000
Népal,2013,"Riz, total",2636000
Népal,2014,"Riz, total",150000
Népal,2015,"Riz, total",1470000
Népal,2016,"Riz, total",130000
Népal,2013,"Sucre, total",64000
Nicaragua,2013,Autres non-céréales,368000
Nicaragua,2014,Autres non-céréales,190000
Nicaragua,2014,Blé et Farin,290000
Nicaragua,2015,Blé et Farin,18800000
Nicaragua,2013,Céréales,4509000
Nicaragua,2014,Céréales,3143000
Nicaragua,2015,Céréales,19445000
Nicaragua,2016,Céréales,638000
Nicaragua,2015,Céréales Secondaires,170000
Nicaragua,2013,"Fruits secs, total",136000
Nicaragua,2015,"Fruits secs, total",72000
Nicaragua,2016,"Fruits secs, total",234000
Nicaragua,2013,Huiles végétales,3923000
Nicaragua,2014,Huiles végétales,4189000
Nicaragua,2015,Huiles végétales,4180000
Nicaragua,2013,"Lait, total",200000
Nicaragua,2014,"Lait, total",150000
Nicaragua,2015,"Lait, total",225000
Nicaragua,2013,"Légumineuses Sèches,Tot.",6390000
Nicaragua,2014,"Légumineuses Sèches,Tot.",9380000
Nicaragua,2015,"Légumineuses Sèches,Tot.",294000
Nicaragua,2013,Mélanges et préparations,1873000
Nicaragua,2014,Mélanges et préparations,1423000
Nicaragua,2015,Mélanges et préparations,150000
Nicaragua,2016,Mélanges et préparations,497000
Nicaragua,2013,Non-céréales,11017000
Nicaragua,2014,Non-céréales,13909000
Nicaragua,2015,Non-céréales,4771000
Nicaragua,2016,Non-céréales,234000
Nicaragua,2013,"Riz, total",2636000
Nicaragua,2014,"Riz, total",1430000
Nicaragua,2015,"Riz, total",325000
Nicaragua,2016,"Riz, total",141000
Niger,2013,Autres non-céréales,1149000
Niger,2014,Autres non-céréales,1230000
Niger,2015,Autres non-céréales,22000
Niger,2016,Autres non-céréales,19000
Niger,2013,BulgurFarEnt,5274000
Niger,2014,BulgurFarEnt,2748000
Niger,2015,BulgurFarEnt,2619000
Niger,2013,Céréales,26716000
Niger,2014,Céréales,27096000
Niger,2015,Céréales,21534000
Niger,2016,Céréales,40386000
Niger,2013,Huiles végétales,1351000
Niger,2014,Huiles végétales,1916000
Niger,2015,Huiles végétales,1945000
Niger,2016,Huiles végétales,1043000
Niger,2013,"Légumineuses Sèches,Tot.",2144000
Niger,2014,"Légumineuses Sèches,Tot.",2871000
Niger,2015,"Légumineuses Sèches,Tot.",3827000
Niger,2016,"Légumineuses Sèches,Tot.",4923000
Niger,2013,Mélanges et préparations,10383000
Niger,2014,Mélanges et préparations,12740000
Niger,2015,Mélanges et préparations,9994000
Niger,2016,Mélanges et préparations,5861000
Niger,2013,Non-céréales,4644000
Niger,2014,Non-céréales,6017000
Niger,2015,Non-céréales,5794000
Niger,2016,Non-céréales,5985000
Niger,2013,"Riz, total",11059000
Niger,2014,"Riz, total",11608000
Niger,2015,"Riz, total",8921000
Niger,2016,"Riz, total",34525000
Ouganda,2015,Autres non-céréales,4000
Ouganda,2013,Céréales,8356000
Ouganda,2014,Céréales,13359000
Ouganda,2015,Céréales,1578000
Ouganda,2013,Céréales Secondaires,6435000
Ouganda,2014,Céréales Secondaires,10375000
Ouganda,2015,Céréales Secondaires,1578000
Ouganda,2013,Huiles végétales,681000
Ouganda,2014,Huiles végétales,2144000
Ouganda,2015,Huiles végétales,470000
Ouganda,2013,"Légumineuses Sèches,Tot.",1800000
Ouganda,2014,"Légumineuses Sèches,Tot.",2768000
Ouganda,2015,"Légumineuses Sèches,Tot.",1105000
Ouganda,2013,Mélanges et préparations,1803000
Ouganda,2014,Mélanges et préparations,2984000
Ouganda,2013,Non-céréales,2527000
Ouganda,2014,Non-céréales,4912000
Ouganda,2015,Non-céréales,1579000
Ouganda,2013,"Riz, total",118000
Ouganda,2013,"Sucre, total",46000
Pakistan,2013,Autres non-céréales,9000
Pakistan,2014,Autres non-céréales,530000
Pakistan,2015,Autres non-céréales,530000
Pakistan,2013,Céréales,29141000
Pakistan,2014,Céréales,32889000
Pakistan,2013,"Fruits secs, total",158000
Pakistan,2014,"Fruits secs, total",150000
Pakistan,2013,Huiles végétales,7193000
Pakistan,2014,Huiles végétales,10776000
Pakistan,2015,Huiles végétales,9190000
Pakistan,2013,"Légumineuses Sèches,Tot.",14181000
Pakistan,2014,"Légumineuses Sèches,Tot.",10789000
Pakistan,2013,Mélanges et préparations,2963000
Pakistan,2014,Mélanges et préparations,6005000
Pakistan,2013,Non-céréales,21541000
Pakistan,2014,Non-céréales,22245000
Pakistan,2015,Non-céréales,9720000
Pakistan,2013,"Riz, total",26178000
Pakistan,2014,"Riz, total",26884000
Palestine,2013,Blé et Farin,20167000
Palestine,2014,Blé et Farin,35208000
Palestine,2015,Blé et Farin,15390000
Palestine,2013,Céréales,20167000
Palestine,2014,Céréales,35208000
Palestine,2015,Céréales,15390000
Palestine,2013,Huiles végétales,2998000
Palestine,2014,Huiles végétales,2484000
Palestine,2015,Huiles végétales,468000
Palestine,2013,"Légumineuses Sèches,Tot.",1710000
Palestine,2014,"Légumineuses Sèches,Tot.",2286000
Palestine,2015,"Légumineuses Sèches,Tot.",774000
Palestine,2013,Non-céréales,6476000
Palestine,2014,Non-céréales,6359000
Palestine,2015,Non-céréales,1242000
Palestine,2013,Poiss&produi,148000
Palestine,2014,Poiss&produi,95000
Palestine,2013,"Sucre, total",1620000
Palestine,2014,"Sucre, total",1494000
Philippines,2013,Autres non-céréales,158000
Philippines,2014,Autres non-céréales,144000
Philippines,2015,Autres non-céréales,43000
Philippines,2013,Céréales,30262000
Philippines,2014,Céréales,31140000
Philippines,2015,Céréales,1944000
Philippines,2013,"Fruits secs, total",153000
Philippines,2013,Huiles végétales,109000
Philippines,2014,Huiles végétales,238000
Philippines,2013,"Légumineuses Sèches,Tot.",400000
Philippines,2014,"Légumineuses Sèches,Tot.",21190000
Philippines,2015,"Légumineuses Sèches,Tot.",80000
Philippines,2013,Non-céréales,820000
Philippines,2014,Non-céréales,21572000
Philippines,2015,Non-céréales,123000
Philippines,2013,"Riz, total",30262000
Philippines,2014,"Riz, total",31140000
Philippines,2015,"Riz, total",1944000
République arabe syrienne,2013,Autres non-céréales,559000
République arabe syrienne,2014,Autres non-céréales,30000
République arabe syrienne,2015,Autres non-céréales,3196000
République arabe syrienne,2013,Blé et Farin,122708000
République arabe syrienne,2014,Blé et Farin,103823000
République arabe syrienne,2015,Blé et Farin,68726000
République arabe syrienne,2016,Blé et Farin,11428000
République arabe syrienne,2013,BulgurFarEnt,12033000
République arabe syrienne,2014,BulgurFarEnt,47816000
République arabe syrienne,2015,BulgurFarEnt,24673000
République arabe syrienne,2016,BulgurFarEnt,8581000
République arabe syrienne,2013,Céréales,189623000
République arabe syrienne,2014,Céréales,225007000
République arabe syrienne,2015,Céréales,181475000
République arabe syrienne,2016,Céréales,29569000
République arabe syrienne,2013,Graisses Com,50000
République arabe syrienne,2013,Huiles végétales,27721000
République arabe syrienne,2014,Huiles végétales,10717000
République arabe syrienne,2015,Huiles végétales,3698000
République arabe syrienne,2013,"Lait, total",1280000
République arabe syrienne,2014,"Lait, total",1438000
République arabe syrienne,2013,"Légumineuses Sèches,Tot.",39032000
République arabe syrienne,2014,"Légumineuses Sèches,Tot.",80947000
République arabe syrienne,2015,"Légumineuses Sèches,Tot.",44995000
République arabe syrienne,2016,"Légumineuses Sèches,Tot.",21752000
République arabe syrienne,2013,Non-céréales,92273000
République arabe syrienne,2014,Non-céréales,101209000
République arabe syrienne,2015,Non-céréales,81052000
République arabe syrienne,2016,Non-céréales,29710000
République arabe syrienne,2013,Poiss&produi,789000
République arabe syrienne,2013,"Riz, total",54882000
République arabe syrienne,2014,"Riz, total",73368000
République arabe syrienne,2015,"Riz, total",88076000
République arabe syrienne,2016,"Riz, total",9560000
République arabe syrienne,2013,"Sucre, total",22616000
République arabe syrienne,2014,"Sucre, total",7515000
République arabe syrienne,2015,"Sucre, total",29058000
République arabe syrienne,2016,"Sucre, total",7958000
République centrafricaine,2013,Autres non-céréales,112000
République centrafricaine,2014,Autres non-céréales,1412000
République centrafricaine,2015,Autres non-céréales,105000
République centrafricaine,2013,Céréales,6391000
République centrafricaine,2014,Céréales,9652000
République centrafricaine,2015,Céréales,7146000
République centrafricaine,2013,Céréales Secondaires,3803000
République centrafricaine,2014,Céréales Secondaires,2852000
République centrafricaine,2015,Céréales Secondaires,2595000
République centrafricaine,2013,Huiles végétales,722000
République centrafricaine,2014,Huiles végétales,739000
République centrafricaine,2015,Huiles végétales,1288000
République centrafricaine,2013,"Légumineuses Sèches,Tot.",1330000
République centrafricaine,2014,"Légumineuses Sèches,Tot.",1906000
République centrafricaine,2015,"Légumineuses Sèches,Tot.",2479000
République centrafricaine,2013,Mélanges et préparations,413000
République centrafricaine,2014,Mélanges et préparations,3672000
République centrafricaine,2015,Mélanges et préparations,580000
République centrafricaine,2013,Non-céréales,2187000
République centrafricaine,2014,Non-céréales,4057000
République centrafricaine,2015,Non-céréales,3872000
République centrafricaine,2013,"Riz, total",2175000
République centrafricaine,2014,"Riz, total",3128000
République centrafricaine,2015,"Riz, total",3971000
République centrafricaine,2013,"Sucre, total",23000
République démocratique du Congo,2013,Autres non-céréales,684000
République démocratique du Congo,2014,Autres non-céréales,831000
République démocratique du Congo,2015,Autres non-céréales,649000
République démocratique du Congo,2013,Céréales,58011000
République démocratique du Congo,2014,Céréales,29662000
République démocratique du Congo,2015,Céréales,28365000
République démocratique du Congo,2013,Céréales Secondaires,24094000
République démocratique du Congo,2014,Céréales Secondaires,24084000
République démocratique du Congo,2015,Céréales Secondaires,446000
République démocratique du Congo,2013,Huiles végétales,3605000
République démocratique du Congo,2014,Huiles végétales,1261000
République démocratique du Congo,2015,Huiles végétales,1440000
République démocratique du Congo,2013,"Légumineuses Sèches,Tot.",12322000
République démocratique du Congo,2014,"Légumineuses Sèches,Tot.",3313000
République démocratique du Congo,2015,"Légumineuses Sèches,Tot.",3455000
République démocratique du Congo,2013,Mélanges et préparations,8045000
République démocratique du Congo,2014,Mélanges et préparations,5578000
République démocratique du Congo,2015,Mélanges et préparations,27523000
République démocratique du Congo,2013,Non-céréales,17149000
République démocratique du Congo,2014,Non-céréales,5405000
République démocratique du Congo,2015,Non-céréales,5659000
République démocratique du Congo,2013,"Riz, total",25872000
République démocratique du Congo,2015,"Riz, total",396000
République démocratique du Congo,2013,"Sucre, total",538000
République démocratique du Congo,2015,"Sucre, total",115000
République démocratique populaire lao,2013,Autres non-céréales,176000
République démocratique populaire lao,2014,Autres non-céréales,283000
République démocratique populaire lao,2015,Autres non-céréales,229000
République démocratique populaire lao,2013,Céréales,3758000
République démocratique populaire lao,2014,Céréales,4434000
République démocratique populaire lao,2015,Céréales,2627000
République démocratique populaire lao,2013,Huiles végétales,359000
République démocratique populaire lao,2014,Huiles végétales,860000
République démocratique populaire lao,2015,Huiles végétales,86000
République démocratique populaire lao,2013,"Légumineuses Sèches,Tot.",297000
République démocratique populaire lao,2014,"Légumineuses Sèches,Tot.",70000
République démocratique populaire lao,2015,"Légumineuses Sèches,Tot.",70000
République démocratique populaire lao,2013,Mélanges et préparations,2609000
République démocratique populaire lao,2014,Mélanges et préparations,1826000
République démocratique populaire lao,2015,Mélanges et préparations,1378000
République démocratique populaire lao,2013,Non-céréales,832000
République démocratique populaire lao,2014,Non-céréales,1213000
République démocratique populaire lao,2015,Non-céréales,1136000
République démocratique populaire lao,2015,Poiss&produi,446000
République démocratique populaire lao,2013,"Riz, total",1149000
République démocratique populaire lao,2014,"Riz, total",2608000
République démocratique populaire lao,2015,"Riz, total",1249000
République démocratique populaire lao,2015,"Sucre, total",305000
République dominicaine,2013,Autres non-céréales,12000
République dominicaine,2015,Autres non-céréales,5000
République dominicaine,2016,Autres non-céréales,3000
République dominicaine,2014,Blé et Farin,17300000
République dominicaine,2014,Céréales,17507000
République dominicaine,2015,Céréales,113000
République dominicaine,2016,Céréales,113000
République dominicaine,2013,"Légumineuses Sèches,Tot.",24500000
République dominicaine,2014,Mélanges et préparations,207000
République dominicaine,2015,Mélanges et préparations,113000
République dominicaine,2016,Mélanges et préparations,113000
République dominicaine,2013,Non-céréales,24512000
République dominicaine,2015,Non-céréales,5000
République dominicaine,2016,Non-céréales,3000
République populaire démocratique de Corée,2013,Blé et Farin,25962000
République populaire démocratique de Corée,2014,Blé et Farin,9684000
République populaire démocratique de Corée,2015,Blé et Farin,13485000
République populaire démocratique de Corée,2013,Céréales,29544000
République populaire démocratique de Corée,2014,Céréales,16279000
République populaire démocratique de Corée,2015,Céréales,22335000
République populaire démocratique de Corée,2013,Céréales Secondaires,3582000
République populaire démocratique de Corée,2014,Céréales Secondaires,6395000
République populaire démocratique de Corée,2015,Céréales Secondaires,8625000
République populaire démocratique de Corée,2013,Huiles végétales,1681000
République populaire démocratique de Corée,2014,Huiles végétales,1280000
République populaire démocratique de Corée,2015,Huiles végétales,3111000
République populaire démocratique de Corée,2013,"Lait, total",900000
République populaire démocratique de Corée,2014,"Lait, total",1772000
République populaire démocratique de Corée,2015,"Lait, total",1375000
République populaire démocratique de Corée,2016,"Lait, total",775000
République populaire démocratique de Corée,2013,"Légumineuses Sèches,Tot.",1867000
République populaire démocratique de Corée,2014,"Légumineuses Sèches,Tot.",648000
République populaire démocratique de Corée,2015,"Légumineuses Sèches,Tot.",6776000
République populaire démocratique de Corée,2013,Non-céréales,6118000
République populaire démocratique de Corée,2014,Non-céréales,5312000
République populaire démocratique de Corée,2015,Non-céréales,12918000
République populaire démocratique de Corée,2016,Non-céréales,1200000
République populaire démocratique de Corée,2014,"Riz, total",200000
République populaire démocratique de Corée,2015,"Riz, total",225000
République populaire démocratique de Corée,2013,"Sucre, total",1670000
République populaire démocratique de Corée,2014,"Sucre, total",1612000
République populaire démocratique de Corée,2015,"Sucre, total",1656000
République populaire démocratique de Corée,2016,"Sucre, total",425000
République-Unie de Tanzanie,2013,Blé et Farin,11830000
République-Unie de Tanzanie,2014,Blé et Farin,30000000
République-Unie de Tanzanie,2015,Blé et Farin,24000000
République-Unie de Tanzanie,2013,Céréales,19345000
République-Unie de Tanzanie,2014,Céréales,35455000
République-Unie de Tanzanie,2015,Céréales,25311000
République-Unie de Tanzanie,2013,Céréales Secondaires,3626000
République-Unie de Tanzanie,2014,Céréales Secondaires,2760000
République-Unie de Tanzanie,2013,"Fruits secs, total",153000
République-Unie de Tanzanie,2015,"Fruits secs, total",54000
République-Unie de Tanzanie,2013,Huiles végétales,357000
République-Unie de Tanzanie,2014,Huiles végétales,368000
République-Unie de Tanzanie,2015,Huiles végétales,185000
République-Unie de Tanzanie,2013,"Légumineuses Sèches,Tot.",1703000
République-Unie de Tanzanie,2014,"Légumineuses Sèches,Tot.",2480000
République-Unie de Tanzanie,2015,"Légumineuses Sèches,Tot.",600000
République-Unie de Tanzanie,2013,Mélanges et préparations,2560000
République-Unie de Tanzanie,2014,Mélanges et préparations,1925000
République-Unie de Tanzanie,2015,Mélanges et préparations,1311000
République-Unie de Tanzanie,2013,Non-céréales,2213000
République-Unie de Tanzanie,2014,Non-céréales,2848000
République-Unie de Tanzanie,2015,Non-céréales,839000
République-Unie de Tanzanie,2013,"Riz, total",1329000
République-Unie de Tanzanie,2014,"Riz, total",770000
Rwanda,2013,Céréales,3139000
Rwanda,2014,Céréales,880000
Rwanda,2013,Huiles végétales,689000
Rwanda,2014,Huiles végétales,312000
Rwanda,2013,"Légumineuses Sèches,Tot.",638000
Rwanda,2013,Mélanges et préparations,497000
Rwanda,2014,Mélanges et préparations,880000
Rwanda,2013,Non-céréales,1327000
Rwanda,2014,Non-céréales,358000
Rwanda,2013,"Riz, total",2642000
Rwanda,2014,"Sucre, total",46000
Sao Tomé-et-Principe,2013,Céréales,280000
Sao Tomé-et-Principe,2014,Céréales,428000
Sao Tomé-et-Principe,2013,Huiles végétales,36000
Sao Tomé-et-Principe,2013,"Légumineuses Sèches,Tot.",129000
Sao Tomé-et-Principe,2014,"Légumineuses Sèches,Tot.",40000
Sao Tomé-et-Principe,2013,Non-céréales,165000
Sao Tomé-et-Principe,2014,Non-céréales,40000
Sao Tomé-et-Principe,2013,"Riz, total",280000
Sao Tomé-et-Principe,2014,"Riz, total",428000
Sénégal,2013,Autres non-céréales,332000
Sénégal,2014,Autres non-céréales,47000
Sénégal,2015,Autres non-céréales,117000
Sénégal,2013,BulgurFarEnt,630000
Sénégal,2013,Céréales,4260000
Sénégal,2014,Céréales,7346000
Sénégal,2015,Céréales,1814000
Sénégal,2013,Huiles végétales,1101000
Sénégal,2014,Huiles végétales,427000
Sénégal,2015,Huiles végétales,10019000
Sénégal,2013,"Légumineuses Sèches,Tot.",9901000
Sénégal,2014,"Légumineuses Sèches,Tot.",9180000
Sénégal,2013,Mélanges et préparations,2755000
Sénégal,2014,Mélanges et préparations,1644000
Sénégal,2015,Mélanges et préparations,184000
Sénégal,2013,Non-céréales,11671000
Sénégal,2014,Non-céréales,9654000
Sénégal,2015,Non-céréales,10136000
Sénégal,2013,Poiss&produi,337000
Sénégal,2013,"Riz, total",875000
Sénégal,2014,"Riz, total",5702000
Sénégal,2015,"Riz, total",1630000
Sierra Leone,2013,BulgurFarEnt,1188000
Sierra Leone,2014,BulgurFarEnt,1738000
Sierra Leone,2013,Céréales,8031000
Sierra Leone,2014,Céréales,2858000
Sierra Leone,2015,Céréales,268000
Sierra Leone,2013,Huiles végétales,670000
Sierra Leone,2014,Huiles végétales,410000
Sierra Leone,2013,"Légumineuses Sèches,Tot.",240000
Sierra Leone,2014,"Légumineuses Sèches,Tot.",310000
Sierra Leone,2015,"Légumineuses Sèches,Tot.",184000
Sierra Leone,2013,Mélanges et préparations,1018000
Sierra Leone,2014,Mélanges et préparations,1120000
Sierra Leone,2015,Mélanges et préparations,268000
Sierra Leone,2013,Non-céréales,910000
Sierra Leone,2014,Non-céréales,720000
Sierra Leone,2015,Non-céréales,184000
Sierra Leone,2013,"Riz, total",5825000
Somalie,2013,Autres non-céréales,1600000
Somalie,2014,Autres non-céréales,1237000
Somalie,2015,Autres non-céréales,596000
Somalie,2013,Blé et Farin,556000
Somalie,2015,Blé et Farin,560000
Somalie,2013,Céréales,56643000
Somalie,2014,Céréales,32131000
Somalie,2015,Céréales,30626000
Somalie,2013,Céréales Secondaires,43100000
Somalie,2014,Céréales Secondaires,24370000
Somalie,2015,Céréales Secondaires,25470000
Somalie,2013,"Fruits secs, total",221000
Somalie,2015,"Fruits secs, total",54000
Somalie,2013,Huiles végétales,3959000
Somalie,2014,Huiles végétales,2279000
Somalie,2015,Huiles végétales,1690000
Somalie,2014,"Lait, total",651000
Somalie,2013,"Légumineuses Sèches,Tot.",7477000
Somalie,2014,"Légumineuses Sèches,Tot.",4292000
Somalie,2015,"Légumineuses Sèches,Tot.",2883000
Somalie,2013,Mélanges et préparations,9837000
Somalie,2014,Mélanges et préparations,7761000
Somalie,2015,Mélanges et préparations,4596000
Somalie,2013,Non-céréales,13257000
Somalie,2014,Non-céréales,8459000
Somalie,2015,Non-céréales,5223000
Somalie,2013,"Riz, total",3150000
Soudan,2014,Autres non-céréales,250000
Soudan,2015,Autres non-céréales,255000
Soudan,2014,Blé et Farin,1672000
Soudan,2015,Blé et Farin,2183000
Soudan,2013,Céréales,140255000
Soudan,2014,Céréales,145696000
Soudan,2015,Céréales,5988000
Soudan,2013,Céréales Secondaires,130677000
Soudan,2014,Céréales Secondaires,133830000
Soudan,2013,Huiles végétales,6251000
Soudan,2014,Huiles végétales,3960000
Soudan,2015,Huiles végétales,110000
Soudan,2013,"Lait, total",900000
Soudan,2014,"Lait, total",825000
Soudan,2013,"Légumineuses Sèches,Tot.",17663000
Soudan,2014,"Légumineuses Sèches,Tot.",10221000
Soudan,2015,"Légumineuses Sèches,Tot.",2472000
Soudan,2013,Mélanges et préparations,9578000
Soudan,2014,Mélanges et préparations,10194000
Soudan,2015,Mélanges et préparations,3805000
Soudan,2013,Non-céréales,24860000
Soudan,2014,Non-céréales,15256000
Soudan,2015,Non-céréales,2837000
Soudan,2013,"Sucre, total",46000
Soudan du Sud,2013,Autres non-céréales,372000
Soudan du Sud,2014,Autres non-céréales,3550000
Soudan du Sud,2015,Autres non-céréales,428000
Soudan du Sud,2013,Céréales,83113000
Soudan du Sud,2014,Céréales,213730000
Soudan du Sud,2015,Céréales,13851000
Soudan du Sud,2013,Céréales Secondaires,83113000
Soudan du Sud,2014,Céréales Secondaires,213730000
Soudan du Sud,2015,Céréales Secondaires,9000000
Soudan du Sud,2013,Huiles végétales,4936000
Soudan du Sud,2014,Huiles végétales,3731000
Soudan du Sud,2015,Huiles végétales,3844000
Soudan du Sud,2013,"Légumineuses Sèches,Tot.",9593000
Soudan du Sud,2014,"Légumineuses Sèches,Tot.",3961000
Soudan du Sud,2015,"Légumineuses Sèches,Tot.",6031000
Soudan du Sud,2015,Mélanges et préparations,301000
Soudan du Sud,2013,Non-céréales,15052000
Soudan du Sud,2014,Non-céréales,11575000
Soudan du Sud,2015,Non-céréales,10303000
Soudan du Sud,2015,"Riz, total",4550000
Soudan du Sud,2013,"Sucre, total",151000
Soudan du Sud,2014,"Sucre, total",333000
Sri Lanka,2013,Céréales,2116000
Sri Lanka,2014,Céréales,1392000
Sri Lanka,2015,Céréales,898000
Sri Lanka,2013,"Fruits secs, total",238000
Sri Lanka,2015,"Fruits secs, total",54000
Sri Lanka,2013,Huiles végétales,385000
Sri Lanka,2014,Huiles végétales,569000
Sri Lanka,2015,Huiles végétales,328000
Sri Lanka,2016,Huiles végétales,164000
Sri Lanka,2013,"Légumineuses Sèches,Tot.",974000
Sri Lanka,2014,"Légumineuses Sèches,Tot.",963000
Sri Lanka,2015,"Légumineuses Sèches,Tot.",482000
Sri Lanka,2013,Mélanges et préparations,1007000
Sri Lanka,2014,Mélanges et préparations,221000
Sri Lanka,2015,Mélanges et préparations,346000
Sri Lanka,2013,Non-céréales,1710000
Sri Lanka,2014,Non-céréales,2131000
Sri Lanka,2015,Non-céréales,864000
Sri Lanka,2016,Non-céréales,164000
Sri Lanka,2013,Poiss&produi,112000
Sri Lanka,2014,Poiss&produi,595000
Sri Lanka,2013,"Riz, total",1109000
Sri Lanka,2014,"Riz, total",1171000
Sri Lanka,2015,"Riz, total",552000
Sri Lanka,2013,"Sucre, total",1000
Sri Lanka,2014,"Sucre, total",4000
Sri Lanka,2015,"Sucre, total",0
Eswatini,2013,Céréales,3854000
Eswatini,2014,Céréales,775000
Eswatini,2013,Céréales Secondaires,372000
Eswatini,2013,Huiles végétales,478000
Eswatini,2014,Huiles végétales,54000
Eswatini,2013,"Légumineuses Sèches,Tot.",2077000
Eswatini,2014,"Légumineuses Sèches,Tot.",526000
Eswatini,2013,Mélanges et préparations,476000
Eswatini,2013,Non-céréales,2555000
Eswatini,2014,Non-céréales,580000
Eswatini,2013,"Riz, total",3006000
Eswatini,2014,"Riz, total",775000
Tadjikistan,2013,Autres non-céréales,32000
Tadjikistan,2014,Autres non-céréales,58000
Tadjikistan,2013,Blé et Farin,22000
Tadjikistan,2014,Blé et Farin,23000
Tadjikistan,2013,Céréales,78000
Tadjikistan,2014,Céréales,146000
Tadjikistan,2014,Céréales Secondaires,40000
Tadjikistan,2013,Huiles végétales,200000
Tadjikistan,2014,Huiles végétales,238000
Tadjikistan,2013,"Lait, total",25000
Tadjikistan,2014,"Lait, total",147000
Tadjikistan,2015,"Lait, total",0
Tadjikistan,2013,"Légumineuses Sèches,Tot.",38000
Tadjikistan,2013,Mélanges et préparations,49000
Tadjikistan,2014,Mélanges et préparations,57000
Tadjikistan,2013,Non-céréales,295000
Tadjikistan,2014,Non-céréales,495000
Tadjikistan,2015,Non-céréales,0
Tadjikistan,2013,"Riz, total",7000
Tadjikistan,2014,"Riz, total",26000
Tadjikistan,2014,Viande Total,52000
Tchad,2013,Autres non-céréales,1705000
Tchad,2014,Autres non-céréales,773000
Tchad,2013,BulgurFarEnt,3127000
Tchad,2013,Céréales,36551000
Tchad,2014,Céréales,42874000
Tchad,2015,Céréales,30028000
Tchad,2013,Céréales Secondaires,25997000
Tchad,2014,Céréales Secondaires,40844000
Tchad,2015,Céréales Secondaires,24870000
Tchad,2015,"Fruits secs, total",90000
Tchad,2013,Huiles végétales,2568000
Tchad,2014,Huiles végétales,1915000
Tchad,2015,Huiles végétales,2210000
Tchad,2016,Huiles végétales,1216000
Tchad,2013,"Lait, total",0
Tchad,2013,"Légumineuses Sèches,Tot.",5842000
Tchad,2014,"Légumineuses Sèches,Tot.",3141000
Tchad,2015,"Légumineuses Sèches,Tot.",4511000
Tchad,2013,Mélanges et préparations,6652000
Tchad,2014,Mélanges et préparations,2030000
Tchad,2015,Mélanges et préparations,5158000
Tchad,2013,Non-céréales,10414000
Tchad,2014,Non-céréales,6089000
Tchad,2015,Non-céréales,6811000
Tchad,2016,Non-céréales,1216000
Tchad,2013,"Riz, total",775000
Tchad,2013,"Sucre, total",299000
Tchad,2014,"Sucre, total",260000
Timor-Leste,2013,Céréales,22000
Timor-Leste,2013,Huiles végétales,36000
Timor-Leste,2013,Mélanges et préparations,22000
Timor-Leste,2013,Non-céréales,36000
Togo,2013,Autres non-céréales,2000
Togo,2013,Blé et Farin,10712000
Togo,2013,Céréales,12400000
Togo,2013,Non-céréales,2000
Togo,2013,"Riz, total",1688000
Vanuatu,2015,Blé et Farin,23000
Vanuatu,2015,Céréales,331000
Vanuatu,2015,Non-céréales,70000
Vanuatu,2015,Poiss&produi,70000
Vanuatu,2015,"Riz, total",308000
Yémen,2013,Autres non-céréales,1291000
Yémen,2014,Autres non-céréales,211000
Yémen,2015,Autres non-céréales,1198000
Yémen,2016,Autres non-céréales,5238000
Yémen,2013,Blé et Farin,116637000
Yémen,2014,Blé et Farin,22680000
Yémen,2015,Blé et Farin,117854000
Yémen,2016,Blé et Farin,179332000
Yémen,2013,Céréales,117155000
Yémen,2014,Céréales,26949000
Yémen,2015,Céréales,151251000
Yémen,2016,Céréales,196027000
Yémen,2016,"Fruits secs, total",247000
Yémen,2013,Huiles végétales,4572000
Yémen,2014,Huiles végétales,8203000
Yémen,2015,Huiles végétales,8131000
Yémen,2016,Huiles végétales,9880000
Yémen,2013,"Légumineuses Sèches,Tot.",9203000
Yémen,2014,"Légumineuses Sèches,Tot.",16476000
Yémen,2015,"Légumineuses Sèches,Tot.",17724000
Yémen,2016,"Légumineuses Sèches,Tot.",18648000
Yémen,2013,Mélanges et préparations,68000
Yémen,2014,Mélanges et préparations,3169000
Yémen,2015,Mélanges et préparations,31600000
Yémen,2016,Mélanges et préparations,16695000
Yémen,2013,Non-céréales,15227000
Yémen,2014,Non-céréales,24971000
Yémen,2015,Non-céréales,34902000
Yémen,2016,Non-céréales,36760000
Yémen,2015,Poiss&produi,232000
Yémen,2016,Poiss&produi,72000
Yémen,2013,"Riz, total",450000
Yémen,2014,"Riz, total",1100000
Yémen,2015,"Riz, total",1797000
Yémen,2013,"Sucre, total",161000
Yémen,2014,"Sucre, total",81000
Yémen,2015,"Sucre, total",7617000
Yémen,2016,"Sucre, total",2675000
Zambie,2014,Céréales,1349000
Zambie,2014,Céréales Secondaires,1349000
Zambie,2013,Huiles végétales,164000
Zambie,2013,Non-céréales,164000
Zimbabwe,2013,Autres non-céréales,1000
Zimbabwe,2013,Céréales,5604000
Zimbabwe,2014,Céréales,10990000
Zimbabwe,2015,Céréales,7053000
Zimbabwe,2013,Céréales Secondaires,5330000
Zimbabwe,2014,Céréales Secondaires,5866000
Zimbabwe,2015,Céréales Secondaires,6957000
Zimbabwe,2013,Huiles végétales,871000
Zimbabwe,2014,Huiles végétales,1514000
Zimbabwe,2015,Huiles végétales,306000
Zimbabwe,2013,"Légumineuses Sèches,Tot.",4150000
Zimbabwe,2014,"Légumineuses Sèches,Tot.",796000
Zimbabwe,2013,Mélanges et préparations,210000
Zimbabwe,2014,Mélanges et préparations,5124000
Zimbabwe,2015,Mélanges et préparations,96000
Zimbabwe,2013,Non-céréales,5022000
Zimbabwe,2014,Non-céréales,2310000
Zimbabwe,2015,Non-céréales,306000
Zimbabwe,2013,"Riz, total",64000
